county_id,county_name,total_control,total_result,total_diff,total_diff_pct,mae,rmse,perfect_matches,perfect_pct,variable_count
1,San Francisco,444833.0,444833,0.0,0.0,5888.030303030303,8789.01191571302,1,3.0303030303030303,33
2,San Mateo,294729.0,294729,0.0,0.0,2434.6060606060605,3741.753510499233,1,3.0303030303030303,33
3,Santa Clara,737391.0,737391,0.0,0.0,1764.3636363636363,2622.3932626977257,1,3.0303030303030303,33
4,Alameda,693547.0,693547,0.0,0.0,3884.0,5399.609424707859,1,3.0303030303030303,33
5,Contra Costa,439210.0,439210,0.0,0.0,2022.0,3082.9827646733165,1,3.0303030303030303,33
6,Solano,168073.0,168073,0.0,0.0,766.8484848484849,1137.9462095185236,1,3.0303030303030303,33
7,Napa,59382.0,59382,0.0,0.0,818.1515151515151,1290.3898987938067,1,3.0303030303030303,33
8,Sonoma,215924.0,216107,183.0,0.08475204238528371,2407.5151515151515,3771.6409177069354,0,0.0,33
9,Marin,115147.0,115147,0.0,0.0,1983.090909090909,3076.547248084607,1,3.0303030303030303,33
