county_id,county_name,total_control,total_result,total_diff,total_diff_pct,mae,rmse,perfect_matches,perfect_pct,variable_count
1,San Francisco,396119.2400090425,395670,-449.2400090424926,-0.11341029762458332,4128.383483444326,11627.743040182844,0,0.0,33
2,San Mateo,275368.1982865932,275352,-16.19828659319319,-0.005882410058235774,2719.5355327764355,7130.955833395954,0,0.0,33
3,Santa Clara,687503.2012797081,687199,-304.2012797080679,-0.04424725283341695,6348.458270235131,16323.822382170885,0,0.0,33
4,Alameda,635505.1036905675,634945,-560.1036905675428,-0.08813519943661408,6520.067806705379,17369.62139651412,0,0.0,33
5,Contra Costa,413812.0586755095,413706,-106.05867550952826,-0.0256296725254916,4276.81502485539,11017.16468471024,0,0.0,33
6,Solano,158311.5759314681,158276,-35.57593146810541,-0.02247209735534814,1336.9747255488733,3891.411409747325,0,0.0,33
7,Napa,52721.18162235967,52718,-3.181622359668836,-0.006034808518630532,344.71558252225725,916.2595366413501,0,0.0,33
8,Sonoma,193976.6604102071,194051,74.33958979288582,0.038323986832064276,1677.1455929603758,4232.679303059822,0,0.0,33
9,Marin,106932.58211472387,106762,-170.58211472387484,-0.15952304840152817,1000.7055042238642,2677.3647004427853,0,0.0,33
