county_id,county_name,total_control,total_result,total_diff,total_diff_pct,mae,rmse,perfect_matches,perfect_pct,variable_count
1,San Francisco,3481361,3248449,-232912,-6.690257057512852,8097.5625,15197.326384927053,1,3.125,32
2,San Mateo,2507038,2503406,-3632,-0.14487215590669147,451.9375,651.4597071193275,1,3.125,32
3,Santa Clara,6391989,6260802,-131187,-2.0523658598286074,4404.34375,7239.93789035859,1,3.125,32
4,Alameda,5844717,5584137,-260580,-4.458385239182667,8556.5625,14028.998471915234,1,3.125,32
5,Contra Costa,3831939,3786872,-45067,-1.1760886590313677,1408.34375,2172.149648102082,1,3.125,32
6,Solano,1457904,1443647,-14257,-0.977910754068855,483.03125,785.1834379621108,1,3.125,32
7,Napa,463030,462039,-991,-0.2140250091786709,39.96875,63.81100022723355,1,3.125,32
8,Sonoma,1709324,1689129,-20195,-1.1814612092265715,647.03125,1033.964956490306,0,0.0,32
9,Marin,984534,907635,-76899,-7.810700290695903,2528.21875,4424.866230322675,1,3.125,32
