county_id,county_name,total_control,total_result,total_diff,total_diff_pct,mae,rmse,perfect_matches,perfect_pct,variable_count
1,San Francisco,418121.0,418165,44.0,0.010523269579858462,7669.15625,12802.207379247144,0,0.0,32
2,San Mateo,288250.0,288250,0.0,0.0,1596.96875,2520.8466025821563,1,3.125,32
3,Santa Clara,704160.0,704160,0.0,0.0,4021.46875,7937.937655257189,1,3.125,32
4,Alameda,646592.0,646592,0.0,0.0,8680.5625,16086.463303815417,1,3.125,32
5,Contra Costa,431991.0,431991,0.0,0.0,1300.6875,1902.4700063338712,1,3.125,32
6,Solano,165589.0,165589,0.0,0.0,579.90625,884.6518559580373,1,3.125,32
7,Napa,56033.0,56033,0.0,0.0,424.4375,658.6956334301906,1,3.125,32
8,Sonoma,208930.0,209020,90.0,0.04307662853587326,1376.5625,2030.4526742822645,0,0.0,32
9,Marin,112346.0,112346,0.0,0.0,2050.34375,3539.0578504384466,1,3.125,32
