county_id,county_name,total_control,total_result,total_diff,total_diff_pct,mae,rmse,perfect_matches,perfect_pct,variable_count
1,San Francisco,396124.2184211109,395675,-449.21842111088336,-0.11340342251766318,4123.210879078357,11624.630505034773,0,0.0,33
2,San Mateo,271911.5273217421,271045,-866.5273217420909,-0.31867987733994213,3258.3281881555376,7821.105740799435,0,0.0,33
3,Santa Clara,701095.2595843815,698072,-3023.259584381478,-0.4312195159005505,6911.498173304004,17585.155796928735,0,0.0,33
4,Alameda,653471.4415617205,653053,-418.4415617204504,-0.06403364173351232,6427.021389033867,17790.01350491185,0,0.0,33
5,Contra Costa,423113.5699413852,423087,-26.569941385183483,-0.006279624023607722,4384.422959195901,11338.380629971613,0,0.0,33
6,Solano,160056.97710108117,160036,-20.977101081167348,-0.013106021031447838,1387.1046209976714,4014.058268667097,0,0.0,33
7,Napa,54174.359456498176,54183,8.64054350182414,0.01594950745797459,338.5347569683141,911.5598228595586,0,0.0,33
8,Sonoma,199132.1146489727,199229,96.88535102730384,0.04865380513740437,1605.3291671698646,4130.462659927751,0,0.0,33
9,Marin,104343.89488107606,104154,-189.89488107606303,-0.18198945064537994,1008.7134145205698,2563.561549996342,0,0.0,33
