County_FIPS,County_Name,2020_Census_Households,2023_ACS_Households,Scaling_Factor
001,Alameda,591636,608534,1.0285614803696868
013,Contra Costa,407029,416172,1.022462772922814
041,Marin,104167,101608,0.9754336786122284
055,Napa,49738,51167,1.0287305480718967
075,San Francisco,371851,372027,1.0004733078571793
081,San Mateo,269417,265124,0.9840655934851921
085,Santa Clara,656063,665549,1.0144589772628543
095,Solano,155924,157766,1.0118134475770246
097,Sonoma,187701,192765,1.0269790784279254
