source,total_households,low_income_pct,mid_low_pct,mid_high_pct,high_income_pct
TAZ_Controls,3037458,15.257955830171149,13.660304109554765,18.131872111482693,52.94986794879139
ACS_2023,2785482,15.63578583527016,16.476214888482495,19.236096302183967,48.651938874492814
